/*use prosjektdatabase;*/

DROP TABLE IF EXISTS logg;
DROP TABLE IF EXISTS arkivpakke;
DROP TABLE IF EXISTS statustype;
DROP TABLE IF EXISTS doklager;
DROP TABLE IF EXISTS bruker;
DROP TABLE IF EXISTS kommune;


CREATE TABLE statustype (
	statusTekst VARCHAR(150),
	CONSTRAINT statusPK
	PRIMARY KEY (statusTekst)
	) engine = InnoDB DEFAULT CHARACTER SET=utf8mb4 COLLATE=utf8mb4_unicode_ci;

CREATE TABLE doklager (
	filID INTEGER AUTO_INCREMENT,
	filnavn VARCHAR(150),
	filstørrelse DECIMAL(4,3),
	CONSTRAINT doklagerPK
	PRIMARY KEY (filID)
	) engine = InnoDB DEFAULT CHARACTER SET=utf8mb4 COLLATE=utf8mb4_unicode_ci;

CREATE TABLE kommune (
	kommuneNr SMALLINT,
	kommunenavn VARCHAR(100) UNIQUE,
	CONSTRAINT kommunePK
	PRIMARY KEY (kommuneNr)
	) engine = InnoDB DEFAULT CHARACTER SET=utf8mb4 COLLATE=utf8mb4_unicode_ci;

CREATE TABLE bruker (
	brukerID INTEGER AUTO_INCREMENT,
	brukernavn VARCHAR(100) UNIQUE,
	passord VARCHAR(100),
	fornavn VARCHAR(150),
	etternavn VARCHAR(150),
	CONSTRAINT brukerPK
	PRIMARY KEY (brukerID)
	) engine = InnoDB DEFAULT CHARACTER SET=utf8mb4 COLLATE=utf8mb4_unicode_ci;


CREATE TABLE arkivpakke (
	arkivID INTEGER AUTO_INCREMENT,
	arkivskaper SMALLINT NOT NULL,
	ansvarlig INTEGER NOT NULL,
	statusTekst VARCHAR(100) NOT NULL,
	startDato DATE NOT NULL,
	sluttDato DATE NOT NULL,
	sistEndret TIMESTAMP NOT NULL,
	endretAv INTEGER NOT NULL,
	dokfil INTEGER NOT NULL,
	CONSTRAINT arkivpakkePK
	PRIMARY KEY (arkivID),
	CONSTRAINT statustypeFK
	FOREIGN KEY(statusTekst) REFERENCES statustype(statusTekst),
	CONSTRAINT dokfilFK
	FOREIGN KEY(dokfil) REFERENCES doklager(filID),
	CONSTRAINT arkivskaperFK
	FOREIGN KEY(arkivskaper) REFERENCES kommune(kommuneNr),
	CONSTRAINT ansvarligFK
	FOREIGN KEY(ansvarlig) REFERENCES bruker(brukerID),
	CONSTRAINT endretAvFK
	FOREIGN KEY(endretAv) REFERENCES bruker(brukerID)
	) engine = InnoDB DEFAULT CHARACTER SET=utf8mb4 COLLATE=utf8mb4_unicode_ci;

CREATE TABLE logg (
	loggID INTEGER AUTO_INCREMENT,
	arkivID INTEGER NOT NULL,
	arkivskaper SMALLINT NOT NULL,
	ansvarlig INTEGER NOT NULL,
	statusTekst VARCHAR(100),
	startDato DATE NOT NULL,
	sluttDato DATE NOT NULL,
	sistEndret TIMESTAMP,
	endretAv INTEGER,
	dokfil VARCHAR(150) NOT NULL,
	slettet BOOLEAN,
	CONSTRAINT loggPK
	PRIMARY KEY (loggID)
	) engine = InnoDB DEFAULT CHARACTER SET=utf8mb4 COLLATE=utf8mb4_unicode_ci;



DROP TRIGGER IF EXISTS arkivpakkeARD;
DROP TRIGGER IF EXISTS arkivpakkeARU;

DELIMITER ::

CREATE TRIGGER arkivpakkeARU
AFTER UPDATE ON arkivpakke
FOR EACH ROW
BEGIN
		INSERT INTO logg(arkivID,arkivskaper,ansvarlig,statusTekst,startDato,sluttDato,sistEndret,endretAv,dokfil)
		VALUES(OLD.arkivID,OLD.arkivskaper,OLD.ansvarlig,OLD.statusTekst,OLD.startDato,OLD.sluttDato,OLD.sistEndret,OLD.endretAv,OLD.dokfil);
END::

CREATE TRIGGER arkivpakkeARD
AFTER DELETE ON arkivpakke
FOR EACH ROW
BEGIN
		INSERT INTO logg(arkivID,arkivskaper,ansvarlig,statusTekst,startDato,sluttDato,sistEndret,endretAv,dokfil,slettet)
		VALUES(OLD.arkivID,OLD.arkivskaper,OLD.ansvarlig,OLD.statusTekst,OLD.startDato,OLD.sluttDato,OLD.sistEndret,OLD.endretAv,OLD.dokfil,TRUE);
END::

DELIMITER ;

INSERT INTO kommune
VALUES(101,'Halden'),
(104,'Moss'),
(105,'Sarpsborg'),
(106,'Fredrikstad'),
(111,'Hvaler'),
(118,'Aremark'),
(119,'Marker'),
(121,'Rømskog'),
(122,'Trøgstad'),
(123,'Spydeberg'),
(124,'Askim'),
(125,'Eidsberg'),
(127,'Skiptvet'),
(128,'Rakkestad'),
(135,'Råde'),
(136,'Rygge'),
(137,'Våler i Østfold'),
(138,'Hobøl'),
(211,'Vestby'),
(213,'Ski'),
(214,'Ås'),
(215,'Frogn'),
(216,'Nesodden'),
(217,'Oppegård'),
(219,'Bærum'),
(220,'Asker'),
(221,'Aurskog-Høland'),
(226,'Sørum'),
(227,'Fet'),
(228,'Rælingen'),
(229,'Enebakk'),
(230,'Lørenskog'),
(231,'Skedsmo'),
(233,'Nittedal'),
(234,'Gjerdrum'),
(235,'Ullensaker'),
(236,'Nes i Akershus'),
(237,'Eidsvoll'),
(238,'Nannestad'),
(239,'Hurdal'),
(301,'Oslo'),
(402,'Kongsvinger'),
(403,'Hamar'),
(412,'Ringsaker'),
(415,'Løten'),
(417,'Stange'),
(418,'Nord-Odal'),
(419,'Sør-Odal'),
(420,'Eidskog'),
(423,'Grue'),
(425,'Åsnes'),
(426,'Våler i Hedmark'),
(427,'Elverum'),
(428,'Trysil'),
(429,'Åmot'),
(430,'Stor-Elvdal'),
(432,'Rendalen'),
(434,'Engerdal'),
(436,'Tolga'),
(437,'Tynset'),
(438,'Alvdal'),
(439,'Folldal'),
(441,'Os i Hedmark'),
(501,'Lillehammer'),
(502,'Gjøvik'),
(511,'Dovre'),
(512,'Lesja'),
(513,'Skjåk'),
(514,'Lom'),
(515,'Vågå'),
(516,'Nord-Fron'),
(517,'Sel'),
(519,'Sør-Fron'),
(520,'Ringebu'),
(521,'Øyer'),
(522,'Gausdal'),
(528,'Østre Toten'),
(529,'Vestre Toten'),
(532,'Jevnaker'),
(533,'Lunner'),
(534,'Gran'),
(536,'Søndre Land'),
(538,'Nordre Land'),
(540,'Sør-Aurdal'),
(541,'Etnedal'),
(542,'Nord-Aurdal'),
(543,'Vestre Slidre'),
(544,'Øystre Slidre'),
(545,'Vang'),
(602,'Drammen'),
(604,'Kongsberg'),
(605,'Ringerike'),
(612,'Hole'),
(615,'Flå'),
(616,'Nes i Buskerud'),
(617,'Gol'),
(618,'Hemsedal'),
(619,'Ål'),
(620,'Hol'),
(621,'Sigdal'),
(622,'Krødsherad'),
(623,'Modum'),
(624,'Øvre Eiker'),
(625,'Nedre Eiker'),
(626,'Lier'),
(627,'Røyken'),
(628,'Hurum'),
(631,'Flesberg'),
(632,'Rollag'),
(633,'Nore og Uvdal'),
(701,'Horten'),
(704,'Tønsberg'),
(710,'Sandefjord'),
(711,'Svelvik'),
(712,'Larvik'),
(713,'Sande i Vestfold'),
(715,'Holmestrand'),
(716,'Re'),
(729,'Færder'),
(805,'Porsgrunn'),
(806,'Skien'),
(807,'Notodden'),
(811,'Siljan'),
(814,'Bamble'),
(815,'Kragerø'),
(817,'Drangedal'),
(819,'Nome'),
(821,'Bø i Telemark'),
(822,'Sauherad'),
(826,'Tinn'),
(827,'Hjartdal'),
(828,'Seljord'),
(829,'Kviteseid'),
(830,'Nissedal'),
(831,'Fyresdal'),
(833,'Tokke'),
(834,'Vinje'),
(901,'Risør'),
(904,'Grimstad'),
(906,'Arendal'),
(911,'Gjerstad'),
(912,'Vegårshei'),
(914,'Tvedestrand'),
(919,'Froland'),
(926,'Lillesand'),
(928,'Birkenes'),
(929,'Åmli'),
(935,'Iveland'),
(937,'Evje og Hornnes'),
(938,'Bygland'),
(940,'Valle'),
(941,'Bykle'),
(1001,'Kristiansand'),
(1002,'Mandal'),
(1003,'Farsund'),
(1004,'Flekkefjord'),
(1014,'Vennesla'),
(1017,'Songdalen'),
(1018,'Søgne'),
(1021,'Marnardal'),
(1026,'Åseral'),
(1027,'Audnedal'),
(1029,'Lindesnes'),
(1032,'Lyngdal'),
(1034,'Hægebostad'),
(1037,'Kvinesdal'),
(1046,'Sirdal'),
(1101,'Eigersund'),
(1102,'Sandnes'),
(1103,'Stavanger'),
(1106,'Haugesund'),
(1111,'Sokndal'),
(1112,'Lund'),
(1114,'Bjerkreim'),
(1119,'Hå'),
(1120,'Klepp'),
(1121,'Time'),
(1122,'Gjesdal'),
(1124,'Sola'),
(1127,'Randaberg'),
(1129,'Forsand'),
(1130,'Strand'),
(1133,'Hjelmeland'),
(1134,'Suldal'),
(1135,'Sauda'),
(1141,'Finnøy'),
(1142,'Rennesøy'),
(1144,'Kvitsøy'),
(1145,'Bokn'),
(1146,'Tysvær'),
(1149,'Karmøy'),
(1151,'Utsira'),
(1160,'Vindafjord'),
(1201,'Bergen'),
(1211,'Etne'),
(1216,'Sveio'),
(1219,'Bømlo'),
(1221,'Stord'),
(1222,'Fitjar'),
(1223,'Tysnes'),
(1224,'Kvinnherad'),
(1227,'Jondal'),
(1228,'Odda'),
(1231,'Ullensvang'),
(1232,'Eidfjord'),
(1233,'Ulvik'),
(1234,'Granvin'),
(1235,'Voss'),
(1238,'Kvam'),
(1241,'Fusa'),
(1242,'Samnanger'),
(1243,'Os i Hordaland'),
(1244,'Austevoll'),
(1245,'Sund'),
(1246,'Fjell'),
(1247,'Askøy'),
(1251,'Vaksdal'),
(1252,'Modalen'),
(1253,'Osterøy'),
(1256,'Meland'),
(1259,'Øygarden'),
(1260,'Radøy'),
(1263,'Lindås'),
(1264,'Austrheim'),
(1265,'Fedje'),
(1266,'Masfjorden'),
(1401,'Flora'),
(1411,'Gulen'),
(1412,'Solund'),
(1413,'Hyllestad'),
(1416,'Høyanger'),
(1417,'Vik'),
(1418,'Balestrand'),
(1419,'Leikanger'),
(1420,'Sogndal'),
(1421,'Aurland'),
(1422,'Lærdal'),
(1424,'Årdal'),
(1426,'Luster'),
(1428,'Askvoll'),
(1429,'Fjaler'),
(1430,'Gaular'),
(1431,'Jølster'),
(1432,'Førde'),
(1433,'Naustdal'),
(1438,'Bremanger'),
(1439,'Vågsøy'),
(1441,'Selje'),
(1443,'Eid'),
(1444,'Hornindal'),
(1445,'Gloppen'),
(1449,'Stryn'),
(1502,'Molde'),
(1504,'Ålesund'),
(1505,'Kristiansund'),
(1511,'Vanylven'),
(1514,'Sande i Møre og Romsdal'),
(1515,'Herøy i Møre og Romsdal'),
(1516,'Ulstein'),
(1517,'Hareid'),
(1519,'Volda'),
(1520,'Ørsta'),
(1523,'Ørskog'),
(1524,'Norddal'),
(1525,'Stranda'),
(1526,'Stordal'),
(1528,'Sykkylven'),
(1529,'Skodje'),
(1531,'Sula'),
(1532,'Giske'),
(1534,'Haram'),
(1535,'Vestnes'),
(1539,'Rauma'),
(1543,'Nesset'),
(1545,'Midsund'),
(1546,'Sandøy'),
(1547,'Aukra'),
(1548,'Fræna'),
(1551,'Eide'),
(1554,'Averøy'),
(1557,'Gjemnes'),
(1560,'Tingvoll'),
(1563,'Sunndal'),
(1566,'Surnadal'),
(1567,'Rindal'),
(1571,'Halsa'),
(1573,'Smøla'),
(1576,'Aure'),
(1804,'Bodø'),
(1805,'Narvik'),
(1811,'Bindal'),
(1812,'Sømna'),
(1813,'Brønnøy'),
(1815,'Vega'),
(1816,'Vevelstad'),
(1818,'Herøy i Nordland'),
(1820,'Alstahaug'),
(1822,'Leirfjord'),
(1824,'Vefsn'),
(1825,'Grane'),
(1826,'Hattfjelldal'),
(1827,'Dønna'),
(1828,'Nesna'),
(1832,'Hemnes'),
(1833,'Rana'),
(1834,'Lurøy'),
(1835,'Træna'),
(1836,'Rødøy'),
(1837,'Meløy'),
(1838,'Gildeskål'),
(1839,'Beiarn'),
(1840,'Saltdal'),
(1841,'Fauske – Fuossko'),
(1845,'Sørfold'),
(1848,'Steigen'),
(1849,'Hamarøy – Hábmer'),
(1850,'Divtasvuodna – Tysfjord'),
(1851,'Lødingen'),
(1852,'Tjeldsund'),
(1853,'Evenes'),
(1854,'Ballangen'),
(1856,'Røst'),
(1857,'Værøy'),
(1859,'Flakstad'),
(1860,'Vestvågøy'),
(1865,'Vågan'),
(1866,'Hadsel'),
(1867,'Bø i Nordland '),
(1868,'Øksnes'),
(1870,'Sortland'),
(1871,'Andøy'),
(1874,'Moskenes'),
(1902,'Tromsø'),
(1903,'Harstad'),
(1911,'Kvæfjord'),
(1913,'Skånland'),
(1917,'Ibestad'),
(1919,'Gratangen'),
(1920,'Loabák – Lavangen'),
(1922,'Bardu'),
(1923,'Salangen'),
(1924,'Målselv'),
(1925,'Sørreisa'),
(1926,'Dyrøy'),
(1927,'Tranøy'),
(1928,'Torsken'),
(1929,'Berg'),
(1931,'Lenvik'),
(1933,'Balsfjord'),
(1936,'Karlsøy'),
(1938,'Lyngen'),
(1939,'Storfjord – Omasvuotna – Omasvuono'),
(1940,'Gáivuotna – Kåfjord – Kaivuono'),
(1941,'Skjervøy'),
(1942,'Nordreisa'),
(1943,'Kvænangen'),
(2002,'Vardø'),
(2003,'Vadsø'),
(2004,'Hammerfest'),
(2011,'Guovdageaidnu – Kautokeino'),
(2012,'Alta'),
(2014,'Loppa'),
(2015,'Hasvik'),
(2017,'Kvalsund'),
(2018,'Måsøy'),
(2019,'Nordkapp'),
(2020,'Porsanger – Porsáŋgu – Porsanki'),
(2021,'Kárášjohka – Karasjok '),
(2022,'Lebesby'),
(2023,'Gamvik'),
(2024,'Berlevåg'),
(2025,'Deatnu – Tana'),
(2027,'Unjárga – Nesseby'),
(2028,'Båtsfjord'),
(2030,'Sør-Varanger'),
(5001,'Trondheim '),
(5004,'Steinkjer'),
(5005,'Namsos'),
(5011,'Hemne'),
(5012,'Snillfjord'),
(5013,'Hitra'),
(5014,'Frøya'),
(5015,'Ørland'),
(5016,'Agdenes'),
(5017,'Bjugn'),
(5018,'Åfjord'),
(5019,'Roan'),
(5020,'Osen'),
(5021,'Oppdal'),
(5022,'Rennebu'),
(5023,'Meldal'),
(5024,'Orkdal'),
(5025,'Røros'),
(5026,'Holtålen'),
(5027,'Midtre Gauldal'),
(5028,'Melhus'),
(5029,'Skaun'),
(5030,'Klæbu'),
(5031,'Malvik'),
(5032,'Selbu'),
(5033,'Tydal'),
(5034,'Meråker'),
(5035,'Stjørdal'),
(5036,'Frosta'),
(5037,'Levanger'),
(5038,'Verdal'),
(5039,'Verran'),
(5040,'Namdalseid'),
(5041,'Snåase – Snåsa'),
(5042,'Lierne'),
(5043,'Raarvikhe – Røyrvik'),
(5044,'Namsskogan'),
(5045,'Grong'),
(5046,'Høylandet'),
(5047,'Overhalla'),
(5048,'Fosnes'),
(5049,'Flatanger'),
(5050,'Vikna'),
(5051,'Nærøy'),
(5052,'Leka'),
(5053,'Inderøy'),
(5054,'Indre Fosen');

INSERT INTO bruker
(brukernavn,passord,fornavn,etternavn)
/*passord=chr*/
VALUES('chr','$2y$10$MMCHDo75Vwme2.AN5ipcCOnyqq/w5Q3qaG9XNfArR3YvtrxaHFZYK','cecilie','hansen rørås'),
/*passord=123*/
('tv','$2y$10$RRB1SmieMcqIL1fqzNWP/ub06b4VNi3lBLX1J2/dH7BZcWp5M6zEC','tarald','vestbøstad');

INSERT INTO statustype
VALUES('avtalt'),
('mottatt'),
('i karantene'),
('avvist, venter ny deponering'),
('i test'),
('godkjent'),
('i dsm');

INSERT INTO doklager(filnavn,filstørrelse)
VALUES ('Flekkefjord.xml',1.1),
('Gildeskål.xml',1.1),
('Balsfjord.xml',1.1),
('Etne.xml',1.1),
('Divtasvuodna – Tysfjord.xml',1.1),
('Krødsherad.xml',1.1),
('Stordal.xml',1.1),
('Bokn.xml',1.1),
('Lenvik.xml',1.1),
('Meråker.xml',1.1),
('Gran.xml',1.1),
('Agdenes.xml',1.1),
('Hjelmeland.xml',1.1),
('Bardu.xml',1.1),
('Øyer.xml',1.1),
('Nord-Aurdal.xml',1.1),
('Dønna.xml',1.1),
('Gran.xml',1.1),
('Lier.xml',1.1),
('Krødsherad.xml',1.1),
('Flesberg.xml',1.1),
('Salangen.xml',1.1),
('Alstahaug.xml',1.1),
('Rindal.xml',1.1),
('Guovdageaidnu – Kautokeino.xml',1.1),
('Øvre Eiker.xml',1.1),
('Sandøy.xml',1.1),
('Meløy.xml',1.1),
('Gol.xml',1.1),
('Eidfjord.xml',1.1),
('Hamarøy – Hábmer.xml',1.1),
('Stange.xml',1.1),
('Salangen.xml',1.1),
('Namsskogan.xml',1.1),
('Torsken.xml',1.1),
('Ås.xml',1.1),
('Hemsedal.xml',1.1),
('Grane.xml',1.1),
('Nissedal.xml',1.1),
('Hurdal.xml',1.1);

INSERT INTO arkivpakke(arkivskaper, ansvarlig, statusTekst, startDato, sluttDato, sistEndret, endretAv, dokfil)
VALUES (1004,2,'i test','2000-9-13','2012-5-10',CURRENT_TIMESTAMP(),2,1),
(1838,1,'avtalt','2009-5-28','2017-8-26',CURRENT_TIMESTAMP(),1,2),
(1933,1,'i karantene','2013-9-2','2016-9-20',CURRENT_TIMESTAMP(),2,3),
(1211,2,'mottatt','2001-10-5','2005-5-16',CURRENT_TIMESTAMP(),1,4),
(1850,1,'i dsm','2008-9-6','2017-2-23',CURRENT_TIMESTAMP(),2,5),
(622,1,'i dsm','2007-3-2','2008-9-28',CURRENT_TIMESTAMP(),2,6),
(1526,1,'avvist, venter ny deponering','2010-2-23','2014-10-4',CURRENT_TIMESTAMP(),1,7),
(1145,1,'avtalt','2004-8-21','2013-4-6',CURRENT_TIMESTAMP(),1,8),
(1931,2,'i dsm','2000-7-27','2008-5-14',CURRENT_TIMESTAMP(),2,9),
(5034,2,'i dsm','2000-3-20','2005-7-7',CURRENT_TIMESTAMP(),2,10),
(534,2,'i karantene','2001-11-14','2013-4-15',CURRENT_TIMESTAMP(),1,11),
(5016,1,'avtalt','2008-5-21','2015-4-20',CURRENT_TIMESTAMP(),2,12),
(1133,2,'godkjent','2011-3-21','2017-9-18',CURRENT_TIMESTAMP(),2,13),
(1922,1,'avvist, venter ny deponering','2001-3-19','2002-3-16',CURRENT_TIMESTAMP(),2,14),
(521,2,'avvist, venter ny deponering','2004-7-6','2010-2-7',CURRENT_TIMESTAMP(),2,15),
(542,2,'avvist, venter ny deponering','2007-3-24','2011-4-14',CURRENT_TIMESTAMP(),2,16),
(1827,1,'avvist, venter ny deponering','2012-9-25','2013-6-3',CURRENT_TIMESTAMP(),2,17),
(534,1,'avtalt','2007-1-17','2013-10-27',CURRENT_TIMESTAMP(),1,18),
(626,2,'godkjent','2006-2-25','2012-5-15',CURRENT_TIMESTAMP(),1,19),
(622,1,'godkjent','2003-11-19','2017-5-9',CURRENT_TIMESTAMP(),1,20),
(631,1,'avvist, venter ny deponering','2010-5-6','2014-10-14',CURRENT_TIMESTAMP(),2,21),
(1923,1,'avvist, venter ny deponering','2000-6-16','2001-5-25',CURRENT_TIMESTAMP(),1,22),
(1820,2,'i test','2012-2-6','2016-11-24',CURRENT_TIMESTAMP(),2,23),
(1567,2,'i karantene','2009-2-21','2012-6-24',CURRENT_TIMESTAMP(),2,24),
(2011,2,'mottatt','2000-2-3','2010-7-21',CURRENT_TIMESTAMP(),1,25),
(624,2,'avtalt','2001-11-19','2004-6-8',CURRENT_TIMESTAMP(),2,26),
(1546,2,'i karantene','2004-10-22','2013-10-5',CURRENT_TIMESTAMP(),2,27),
(1837,1,'i dsm','2000-5-26','2011-10-26',CURRENT_TIMESTAMP(),1,28),
(617,1,'i test','2005-9-14','2012-2-21',CURRENT_TIMESTAMP(),1,29),
(1232,1,'godkjent','2005-1-1','2015-2-19',CURRENT_TIMESTAMP(),1,30),
(1849,2,'i dsm','2010-11-3','2016-6-11',CURRENT_TIMESTAMP(),1,31),
(417,2,'avvist, venter ny deponering','2005-6-8','2006-4-23',CURRENT_TIMESTAMP(),2,32),
(1923,2,'avvist, venter ny deponering','2003-2-13','2007-6-17',CURRENT_TIMESTAMP(),2,33),
(5044,2,'i test','2002-6-8','2004-5-14',CURRENT_TIMESTAMP(),1,34),
(1928,2,'avvist, venter ny deponering','2003-6-27','2015-8-16',CURRENT_TIMESTAMP(),2,35),
(214,2,'i karantene','2000-1-27','2009-3-18',CURRENT_TIMESTAMP(),2,36),
(618,2,'i karantene','2003-10-10','2013-2-22',CURRENT_TIMESTAMP(),1,37),
(1825,2,'godkjent','2004-3-13','2015-7-7',CURRENT_TIMESTAMP(),2,38),
(830,2,'i test','2003-10-24','2017-1-10',CURRENT_TIMESTAMP(),2,39),
(239,1,'i dsm','2002-4-1','2004-1-10',CURRENT_TIMESTAMP(),1,40);

